source,target,value
trello.com,atlassian.com,1
trello.com,google.com,1
atlassian.net,atlassian.com,1
npr.org,janraincapture.com,1
janraincapture.com,publicmediasignin.org,1
binance.com,bnbstatic.com,1
bnbstatic.com,google-analytics.com,1
binance.com,google-analytics.com,1
binance.com,googletagmanager.com,1
googletagmanager.com,google.com,1
paloaltonetworks.com,cloudfront.net,1
cloudfront.net,janraincapture.com,1
zoom.com,zoom.us,1
zoom.us,wootric.com,1
quillbot.com,google-analytics.com,1
newyorker.com,condenast.com,1
evernote.com,googletagmanager.com,1
googletagmanager.com,doubleclick.net,1
evernote.com,bing.com,1
evernote.com,google.com,1
evernote.com,google.co.jp,1
hostinger.com,getbeamer.com,1
photobucket.com,profitwell.com,1
miro.com,mirostatic.com,1
mirostatic.com,wootric.com,1
prezi.com,cloudfront.net,1
cloudfront.net,profitwell.com,1
prezi.com,profitwell.com,1
theglobeandmail.com,google.com,1
nymag.com,profitwell.com,1
bitnami.com,cloudfront.net,1
cloudfront.net,getvero.com,1
pubnub.com,heapanalytics.com,1
vanityfair.com,condenast.com,1
depositphotos.com,feedier.com,1
depositphotos.com,feedier.com,1
feedier.com,fdier.co,1
rapidgator.net,google-analytics.com,1
padlet.com,padlet.net,1
padlet.net,getbeamer.com,1
codecademy.com,profitwell.com,1
codecademy.com,getrockerbox.com,1
surfshark.com,google-analytics.com,1
surfshark.com,facebook.com,1
surfshark.com,googletagmanager.com,1
googletagmanager.com,doubleclick.net,1
surfshark.com,bing.com,1
surfshark.com,taboola.com,1
surfshark.com,googletagmanager.com,1
googletagmanager.com,google.com,1
surfshark.com,pinterest.com,1
surfshark.com,t.co,1
surfshark.com,twitter.com,1
surfshark.com,google.com,1
surfshark.com,google.co.jp,1
surfshark.com,googletagmanager.com,1
googletagmanager.com,googleadservices.com,1
surfshark.com,doubleclick.net,1
surfshark.com,bringmethehats.com,1
flipsnack.com,usemessages.com,1
usemessages.com,hubspot.com,1
flipsnack.com,hubspot.com,1
oregonlive.com,google.com,1
pdffiller.com,usrsprt.com,1
nvidia.cn,nvidia.com,1
melio.com,meliopayments.com,1
meliopayments.com,heapanalytics.com,1
melio.com,googleadservices.com,1
googleadservices.com,doubleclick.net,1
melio.com,meliopayments.com,1
meliopayments.com,google.com,1
melio.com,meliopayments.com,1
meliopayments.com,google.co.jp,1
melio.com,heapanalytics.com,1
todoist.com,doist.com,1
apartments.com,igodigital.com,1
apartments.com,criteo.com,1
hostinger.in,hostinger.com,1
hostinger.com,getbeamer.com,1
ecwid.com,cloudfront.net,1
alternativeto.net,requestmetrics.com,1
requestmetrics.com,google-analytics.com,1
alternativeto.net,googletagmanager.com,1
googletagmanager.com,google-analytics.com,1
alternativeto.net,googlesyndication.com,1
googlesyndication.com,doubleclick.net,1
thestar.com.my,netcoresmartech.com,1
statnews.com,hubspot.com,1
aafp.org,googletagmanager.com,1
googletagmanager.com,googleadservices.com,1
aafp.org,google-analytics.com,1
aafp.org,linkedin.com,1
aafp.org,googletagmanager.com,1
googletagmanager.com,google.com,1
aafp.org,facebook.com,1
aafp.org,doubleclick.net,1
aafp.org,t.co,1
aafp.org,twitter.com,1
aafp.org,google.com,1
aafp.org,google.co.jp,1
myfonts.com,privy.com,1
myfonts.com,shopify.com,1
shopify.com,sailthru.com,1
smore.com,cloudfront.net,1
cloudfront.net,profitwell.com,1
smore.com,profitwell.com,1
smore.com,customer.io,1
dagbladet.no,aid.no,1
dagbladet.no,k5a.io,1
dagbladet.no,medietall.no,1
medietall.no,k5a.io,1
dailycaller.com,profitwell.com,1
ipinfo.io,cloudfront.net,1
cloudfront.net,profitwell.com,1
ipinfo.io,profitwell.com,1
jasper.ai,facebook.com,1
clipchamp.com,google.com,1
termly.io,heapanalytics.com,1
termly.io,googletagmanager.com,1
googletagmanager.com,google.com,1
oxfordlearnersdictionaries.com,oup.com,1
oxfordlearnersdictionaries.com,auth0.com,1
auth0.com,google.com,1
oxfordlearnersdictionaries.com,auth0.com,1
auth0.com,oup.com,1
mux.com,hubspot.com,1
coolors.co,profitwell.com,1
section.io,lr-ingest.io,1
vectorstock.com,profitwell.com,1
template.net,googletagmanager.com,1
googletagmanager.com,google.com,1
doximity.com,visualwebsiteoptimizer.com,1
doximity.com,google-analytics.com,1
doximity.com,googletagmanager.com,1
googletagmanager.com,doubleclick.net,1
doximity.com,google.com,1
doximity.com,google.co.jp,1
doximity.com,t.co,1
doximity.com,twitter.com,1
doximity.com,cloudfront.net,1
cloudfront.net,stackadapt.com,1
doximity.com,atatus.com,1
pdfsimpli.com,sendx.io,1
belfasttelegraph.co.uk,linkedin.com,1
belfasttelegraph.co.uk,cxense.com,1
belfasttelegraph.co.uk,insurads.com,1
belfasttelegraph.co.uk,mediahuis.be,1
mediahuis.be,rubiconproject.com,1
belfasttelegraph.co.uk,mediahuis.be,1
mediahuis.be,3lift.com,1
belfasttelegraph.co.uk,t.co,1
belfasttelegraph.co.uk,twitter.com,1
belfasttelegraph.co.uk,facebook.com,1
belfasttelegraph.co.uk,doubleclick.net,1
belfasttelegraph.co.uk,googletagmanager.com,1
googletagmanager.com,google-analytics.com,1
kahoot.com,kahoot.it,1
answerthepublic.com,wootric.com,1
pressherald.com,msecnd.net,1
msecnd.net,mainetodaymedia.com,1
piktochart.com,profitwell.com,1
logrocket.com,wootric.com,1
logrocket.com,lr-wa.com,1
globalsources.com,facebook.com,1
globalsources.com,googletagmanager.com,1
googletagmanager.com,googleadservices.com,1
globalsources.com,doubleclick.net,1
globalsources.com,google.com,1
globalsources.com,google.co.jp,1
globalsources.com,googletagmanager.com,1
googletagmanager.com,google.com,1
solvvy.com,zoom.us,1
zoom.us,wootric.com,1
ngrok.io,ngrok.com,1
ngrok.io,ngrok.com,1
ngrok.com,google-analytics.com,1
ngrok.io,googletagmanager.com,1
googletagmanager.com,google-analytics.com,1
ngrok.io,ngrok.com,1
ngrok.com,google.com,1
comptia.org,wootric.com,1
buzzfeed.com,google-analytics.com,1
buzzfeed.com,scorecardresearch.com,1
buzzfeed.com,quantserve.com,1
jotform.com,olark.com,1
photobucket.com,raygun.io,1
raygun.io,google-analytics.com,1
photobucket.com,googletagmanager.com,1
googletagmanager.com,google.com,1
photobucket.com,raygun.io,1
raygun.io,doubleclick.net,1
photobucket.com,google-analytics.com,1
photobucket.com,facebook.com,1
hindustantimes.com,livemint.com,1
hindustantimes.com,livemint.com,1
livemint.com,livehindustan.com,1
hindustantimes.com,livehindustan.com,1
hindustantimes.com,livehindustan.com,1
livehindustan.com,healthshots.com,1
hindustantimes.com,healthshots.com,1
healthshots.com,ottplay.com,1
hindustantimes.com,ottplay.com,1
ottplay.com,slurrp.com,1
hindustantimes.com,slurrp.com,1
slurrp.com,htsmartcast.com,1
hindustantimes.com,htsmartcast.com,1
htsmartcast.com,htreaders.com,1
thefreedictionary.com,freethesaurus.com,1
thefreedictionary.com,sinonimosgratis.com,1
podbean.com,googleadservices.com,1
googleadservices.com,doubleclick.net,1
podbean.com,google.com,1
podbean.com,google.co.jp,1
podbean.com,bing.com,1
podbean.com,google-analytics.com,1
podbean.com,googletagmanager.com,1
googletagmanager.com,google.com,1
ama-assn.org,google-analytics.com,1
ama-assn.org,facebook.com,1
kompas.com,google-analytics.com,1
avon.com,bing.com,1
slides.com,googletagmanager.com,1
googletagmanager.com,google-analytics.com,1
player.fm,google-analytics.com,1
player.fm,cloudfront.net,1
cloudfront.net,gumgum.com,1
player.fm,cloudfront.net,1
cloudfront.net,rubiconproject.com,1
player.fm,cloudfront.net,1
cloudfront.net,3lift.com,1
player.fm,doubleclick.net,1
player.fm,amazon-adsystem.com,1
cognitoforms.com,googletagmanager.com,1
googletagmanager.com,google.com,1
love.ru,yandex.ru,1
love.ru,google-analytics.com,1
snyk.io,marketo.net,1
marketo.net,mktoresp.com,1
snyk.io,google-analytics.com,1
snyk.io,speedcurve.com,1
twitter.com,gstatic.com,1
gstatic.com,google.com,1
linkedin.com,gstatic.com,1
gstatic.com,google.com,1
pinterest.com,gstatic.com,1
gstatic.com,google.com,1
reddit.com,gstatic.com,1
gstatic.com,google.com,1
dropbox.com,gstatic.com,1
gstatic.com,google.com,1
freepik.com,gstatic.com,1
gstatic.com,google.com,1
slideshare.net,gstatic.com,1
gstatic.com,google.com,1
deviantart.com,gstatic.com,1
gstatic.com,google.com,1
telegraph.co.uk,gstatic.com,1
gstatic.com,google.com,1
avast.com,gstatic.com,1
gstatic.com,google.com,1
yelp.com,gstatic.com,1
gstatic.com,google.com,1
scribd.com,gstatic.com,1
gstatic.com,google.com,1
bluehost.com,gstatic.com,1
gstatic.com,google.com,1
patreon.com,gstatic.com,1
gstatic.com,google.com,1
binance.com,gstatic.com,1
gstatic.com,google.com,1
dribbble.com,gstatic.com,1
gstatic.com,google.com,1
investing.com,gstatic.com,1
gstatic.com,google.com,1
redd.it,gstatic.com,1
gstatic.com,google.com,1
upenn.edu,gstatic.com,1
gstatic.com,google.com,1
artstation.com,gstatic.com,1
gstatic.com,google.com,1
webpkgcache.com,gstatic.com,1
gstatic.com,google.com,1
flaticon.com,gstatic.com,1
gstatic.com,google.com,1
rumble.com,facebook.com,1
rumble.com,google-analytics.com,1
hatena.ne.jp,gstatic.com,1
gstatic.com,google.com,1
ezoicns.com,gstatic.com,1
gstatic.com,google.com,1
hatenablog.com,gstatic.com,1
gstatic.com,google.com,1
mixpanel.com,gstatic.com,1
gstatic.com,google.com,1
nymag.com,google-analytics.com,1
mercari.com,gstatic.com,1
gstatic.com,google.com,1
webflow.com,gstatic.com,1
gstatic.com,google.com,1
gotinder.com,gstatic.com,1
gstatic.com,google.com,1
cbssports.com,gstatic.com,1
gstatic.com,google.com,1
nerdwallet.com,gstatic.com,1
gstatic.com,google.com,1
streamable.com,gstatic.com,1
gstatic.com,google.com,1
caniuse.com,gstatic.com,1
gstatic.com,google.com,1
webflow.io,gstatic.com,1
gstatic.com,google.com,1
miamiherald.com,matheranalytics.com,1
miamiherald.com,google-analytics.com,1
miamiherald.com,google-analytics.com,1
google-analytics.com,doubleclick.net,1
ucsf.edu,gstatic.com,1
gstatic.com,google.com,1
razorpay.com,google.com,1
tinder.com,gstatic.com,1
gstatic.com,google.com,1
nzherald.co.nz,gstatic.com,1
gstatic.com,google.com,1
ziprecruiter.com,gstatic.com,1
gstatic.com,google.com,1
denverpost.com,matheranalytics.com,1
denverpost.com,czx5eyk0exbhwp43ya.biz,1
czx5eyk0exbhwp43ya.biz,azurewebsites.net,1
denverpost.com,azurewebsites.net,1
denverpost.com,google-analytics.com,1
business-standard.com,gstatic.com,1
gstatic.com,google.com,1
tubitv.com,gstatic.com,1
gstatic.com,google.com,1
clarin.com,google-analytics.com,1
clarin.com,doubleclick.net,1
clarin.com,google-analytics.com,1
google-analytics.com,doubleclick.net,1
flipsnack.com,gstatic.com,1
gstatic.com,google.com,1
inquirer.com,googletagmanager.com,1
googletagmanager.com,google.com,1
inquirer.com,google-analytics.com,1
inquirer.com,matheranalytics.com,1
redditmedia.com,gstatic.com,1
gstatic.com,google.com,1
gazzetta.it,gstatic.com,1
gstatic.com,google.com,1
bybit.com,gstatic.com,1
gstatic.com,google.com,1
oregonlive.com,google-analytics.com,1
oregonlive.com,matheranalytics.com,1
oregonlive.com,taboola.com,1
taboola.com,advance.net,1
oregonlive.com,advance.net,1
oregonlive.com,googletagmanager.com,1
googletagmanager.com,google-analytics.com,1
oregonlive.com,google-analytics.com,1
google-analytics.com,doubleclick.net,1
like.video,gstatic.com,1
gstatic.com,google.com,1
coub.com,selcdn.net,1
elementor.com,gstatic.com,1
gstatic.com,google.com,1
mojohost.com,gstatic.com,1
gstatic.com,google.com,1
fotor.com,gstatic.com,1
gstatic.com,google.com,1
freetype.org,gstatic.com,1
gstatic.com,google.com,1
leparisien.fr,gstatic.com,1
gstatic.com,google.com,1
prnt.sc,gstatic.com,1
gstatic.com,google.com,1
split.io,gstatic.com,1
gstatic.com,google.com,1
viki.com,gstatic.com,1
gstatic.com,google.com,1
kompas.com,gstatic.com,1
gstatic.com,google.com,1
ifixit.com,gstatic.com,1
gstatic.com,google.com,1
rebrand.ly,google.com,1
groww.in,gstatic.com,1
gstatic.com,google.com,1
wallpapers.com,gstatic.com,1
gstatic.com,google.com,1
likee.video,gstatic.com,1
gstatic.com,google.com,1
picsart.com,gstatic.com,1
gstatic.com,google.com,1
donga.com,google-analytics.com,1
donga.com,googletagmanager.com,1
googletagmanager.com,google.com,1
ocregister.com,azurewebsites.net,1
ocregister.com,czx5eyk0exbhwp43ya.biz,1
czx5eyk0exbhwp43ya.biz,azurewebsites.net,1
ocregister.com,google-analytics.com,1
ocregister.com,matheranalytics.com,1
businessinsider.in,gstatic.com,1
gstatic.com,google.com,1
sun-sentinel.com,azurewebsites.net,1
traveloka.com,gstatic.com,1
gstatic.com,google.com,1
etoro.com,gstatic.com,1
gstatic.com,google.com,1
spanishdict.com,gstatic.com,1
gstatic.com,google.com,1
swissinfo.ch,gstatic.com,1
gstatic.com,google.com,1
nicehash.com,gstatic.com,1
gstatic.com,google.com,1
reviewjournal.com,azurewebsites.net,1
reviewjournal.com,google-analytics.com,1
reviewjournal.com,msecnd.net,1
msecnd.net,google-analytics.com,1
reviewjournal.com,pranmcpkx.com,1
pranmcpkx.com,azurewebsites.net,1
postermywall.com,gstatic.com,1
gstatic.com,google.com,1
weddingwire.com,gstatic.com,1
gstatic.com,google.com,1
slidesgo.com,gstatic.com,1
gstatic.com,google.com,1
swagbucks.com,gstatic.com,1
gstatic.com,google.com,1
bostonherald.com,azurewebsites.net,1
bostonherald.com,czx5eyk0exbhwp43ya.biz,1
czx5eyk0exbhwp43ya.biz,azurewebsites.net,1
bostonherald.com,google-analytics.com,1
terra.com.br,gstatic.com,1
gstatic.com,google.com,1
terra.com.br,google-analytics.com,1
terra.com.br,googletagmanager.com,1
googletagmanager.com,google.com,1
writesonic.com,gstatic.com,1
gstatic.com,google.com,1
actblue.com,gstatic.com,1
gstatic.com,google.com,1
gumtree.com,gstatic.com,1
gstatic.com,google.com,1
bigolive.tv,gstatic.com,1
gstatic.com,google.com,1
ezoic.net,gstatic.com,1
gstatic.com,google.com,1
thenounproject.com,gstatic.com,1
gstatic.com,google.com,1
ezoic.com,gstatic.com,1
gstatic.com,google.com,1
bitget.com,gstatic.com,1
gstatic.com,google.com,1
clickcease.com,gstatic.com,1
gstatic.com,google.com,1
jusbrasil.com.br,gstatic.com,1
gstatic.com,google.com,1
blibli.com,gstatic.com,1
gstatic.com,google.com,1
podium.com,gstatic.com,1
gstatic.com,google.com,1
prntscr.com,gstatic.com,1
gstatic.com,google.com,1
bc.game,gstatic.com,1
gstatic.com,google.com,1
pond5.com,gstatic.com,1
gstatic.com,google.com,1
busuu.com,gstatic.com,1
gstatic.com,google.com,1
symbolab.com,gstatic.com,1
gstatic.com,google.com,1
smule.com,gstatic.com,1
gstatic.com,google.com,1
dropboxstatic.com,gstatic.com,1
gstatic.com,google.com,1
myheritage.com,gstatic.com,1
gstatic.com,google.com,1
g2a.com,gstatic.com,1
gstatic.com,google.com,1
stocktwits.com,gstatic.com,1
gstatic.com,google.com,1
money.com,gstatic.com,1
gstatic.com,google.com,1
irishexaminer.com,azurewebsites.net,1
ozbargain.com.au,gstatic.com,1
gstatic.com,google.com,1
pinterest.co.kr,gstatic.com,1
gstatic.com,google.com,1
beatstars.com,gstatic.com,1
gstatic.com,google.com,1
hellofresh.com,gstatic.com,1
gstatic.com,google.com,1
pressherald.com,pranmcpkx.com,1
pranmcpkx.com,azurewebsites.net,1
pressherald.com,azurewebsites.net,1
pressherald.com,matheranalytics.com,1
pressherald.com,parsely.com,1
pressherald.com,googletagmanager.com,1
googletagmanager.com,google.com,1
piktochart.com,gstatic.com,1
gstatic.com,google.com,1
fodors.com,gstatic.com,1
gstatic.com,google.com,1
getdropbox.com,gstatic.com,1
gstatic.com,google.com,1
depop.com,gstatic.com,1
gstatic.com,google.com,1
twincities.com,azurewebsites.net,1
twincities.com,czx5eyk0exbhwp43ya.biz,1
czx5eyk0exbhwp43ya.biz,azurewebsites.net,1
twincities.com,google-analytics.com,1
dailynews.com,azurewebsites.net,1
dailynews.com,czx5eyk0exbhwp43ya.biz,1
czx5eyk0exbhwp43ya.biz,azurewebsites.net,1
dailynews.com,google-analytics.com,1
dailynews.com,matheranalytics.com,1
penguin.co.uk,gstatic.com,1
gstatic.com,google.com,1
dndbeyond.com,gstatic.com,1
gstatic.com,google.com,1
theinformation.com,gstatic.com,1
gstatic.com,google.com,1
hackmd.io,gstatic.com,1
gstatic.com,google.com,1
npr.org,piano.io,1
thedailybeast.com,tinypass.com,1
nymag.com,curbed.com,1
nymag.com,grubstreet.com,1
nymag.com,thecut.com,1
nymag.com,vulture.com,1
billboard.com,tinypass.com,1
nerdwallet.com,zdassets.com,1
zdassets.com,zendesk.com,1
snopes.com,tinypass.com,1
pdffiller.com,signnow.com,1
pdffiller.com,airslate.com,1
melio.com,launchdarkly.com,1
melio.com,meliopayments.com,1
meliopayments.com,launchdarkly.com,1
seek.com.au,pinterest.com,1
seek.com.au,facebook.com,1
seek.com.au,trackjs.com,1
trackjs.com,google-analytics.com,1
seek.com.au,googletagmanager.com,1
googletagmanager.com,google.com,1
webnode.com,googletagmanager.com,1
googletagmanager.com,doubleclick.net,1
webnode.com,google-analytics.com,1
webnode.com,seznam.cz,1
webnode.com,googletagmanager.com,1
googletagmanager.com,google.com,1
webnode.com,facebook.com,1
webnode.com,google.com,1
webnode.com,bing.com,1
rebrand.ly,rebrandly.com,1
rebrand.ly,rebrandly.com,1
rebrandly.com,linkedin.com,1
rebrand.ly,rebrandly.com,1
rebrandly.com,google-analytics.com,1
bbcgoodfood.com,googletagmanager.com,1
googletagmanager.com,google-analytics.com,1
bbcgoodfood.com,googletagmanager.com,1
googletagmanager.com,doubleclick.net,1
bbcgoodfood.com,google-analytics.com,1
bbcgoodfood.com,google.com,1
sport.es,piano.io,1
autotrader.com,esm1.net,1
financialpost.com,tinypass.com,1
dailycaller.com,tinypass.com,1
sltrib.com,osano.com,1
osano.com,tinypass.com,1
rawstory.com,tinypass.com,1
slides.com,uservoice.com,1
elperiodico.com,piano.io,1
vidiq.com,google-analytics.com,1
project-syndicate.org,matheranalytics.com,1
logrocket.com,launchdarkly.com,1
cgtrader.com,zdassets.com,1
zdassets.com,zendesk.com,1
fansly.com,zdassets.com,1
zdassets.com,zendesk.com,1
eonline.com,nbc.com,1
kompas.com,sonora.id,1
kompas.com,bolasport.com,1
kompas.com,kompas.tv,1
kompas.com,motorplus-online.com,1
kompas.com,grid.id,1
kompas.com,tribunnewswiki.com,1
kompas.com,tribunjualbeli.com,1
kompas.com,gridstore.id,1
kompas.com,kitabangkit.id,1
kompas.com,kgmedia.id,1
kompas.com,moview.id,1
kompas.com,pasangiklan.com,1
kompas.com,rumahpemilu.id,1
kompas.com,kgnow.com,1
hackernoon.com,googleapis.com,1
tribunnews.com,sonora.id,1
tribunnews.com,bolasport.com,1
tribunnews.com,kompas.tv,1
tribunnews.com,motorplus-online.com,1
tribunnews.com,grid.id,1
tribunnews.com,tribunnewswiki.com,1
tribunnews.com,tribunjualbeli.com,1
tribunnews.com,gridstore.id,1
tribunnews.com,kitabangkit.id,1
tribunnews.com,kgmedia.id,1
tribunnews.com,moview.id,1
tribunnews.com,pasangiklan.com,1
tribunnews.com,rumahpemilu.id,1
tribunnews.com,kgnow.com,1
gettr.com,quantserve.com,1
lg.com,yahoo.co.jp,1
lg.com,googletagmanager.com,1
googletagmanager.com,google-analytics.com,1
lg.com,yimg.jp,1
yimg.jp,yahoo.co.jp,1
lg.com,google.com,1
lg.com,google.co.jp,1
lg.com,marketo.net,1
marketo.net,mktoresp.com,1
lg.com,teads.tv,1
lg.com,facebook.com,1
lg.com,beusable.net,1
lg.com,google-analytics.com,1
atlassian.net,gravatar.com,1
atlassian.net,atlassian.com,1
atlassian.com,gravatar.com,1
b-cdn.net,gravatar.com,1
wired.com,googletagmanager.com,1
googletagmanager.com,pippio.com,1
wired.com,rlcdn.com,1
atlassian.com,gravatar.com,1
usnews.com,google-analytics.com,1
usnews.com,googletagmanager.com,1
googletagmanager.com,google-analytics.com,1
9gag.com,privacymanager.io,1
privacymanager.io,rlcdn.com,1
newyorker.com,googletagmanager.com,1
googletagmanager.com,pippio.com,1
newyorker.com,rlcdn.com,1
mirror.co.uk,privacymanager.io,1
privacymanager.io,rlcdn.com,1
bitbucket.org,gravatar.com,1
appcenter.ms,azureedge.net,1
azureedge.net,gravatar.com,1
bitnami.com,gravatar.com,1
vanityfair.com,googletagmanager.com,1
googletagmanager.com,pippio.com,1
vanityfair.com,rlcdn.com,1
codecademy.com,gravatar.com,1
olx.ua,doubleclick.net,1
plex.tv,gravatar.com,1
oregonlive.com,taboola.com,1
taboola.com,rlcdn.com,1
oregonlive.com,doubleclick.net,1
oregonlive.com,privacymanager.io,1
privacymanager.io,rlcdn.com,1
drugs.com,rlcdn.com,1
dailystar.co.uk,privacymanager.io,1
privacymanager.io,rlcdn.com,1
techsmith.com,gravatar.com,1
scotsman.com,rlcdn.com,1
rlcdn.com,pippio.com,1
scotsman.com,rlcdn.com,1
sport.es,privacymanager.io,1
privacymanager.io,rlcdn.com,1
ecwid.com,gravatar.com,1
atl-paas.net,atlassian.com,1
atlassian.com,gravatar.com,1
hotwire.com,criteo.com,1
dailycaller.com,rlcdn.com,1
gumtree.com,rlcdn.com,1
rlcdn.com,pippio.com,1
gumtree.com,rlcdn.com,1
pipedrive.com,googletagmanager.com,1
googletagmanager.com,google.com,1
pipedrive.com,google.co.jp,1
food.com,rlcdn.com,1
lucid.app,lucidchart.com,1
lucidchart.com,gravatar.com,1
olx.ro,doubleclick.net,1
olx.ro,criteo.net,1
criteo.net,criteo.com,1
olx.ro,criteo.com,1
pons.com,google-analytics.com,1
google-analytics.com,doubleclick.net,1
pons.com,google-analytics.com,1
follow.it,agkn.com,1
elperiodico.com,privacymanager.io,1
privacymanager.io,rlcdn.com,1
flourish.studio,gravatar.com,1
shopstyle.com,criteo.net,1
criteo.net,criteo.com,1
shopstyle.com,criteo.com,1
domain.com.au,google-analytics.com,1
domain.com.au,googletagmanager.com,1
googletagmanager.com,google-analytics.com,1
olx.kz,doubleclick.net,1
olx.kz,criteo.net,1
criteo.net,criteo.com,1
olx.kz,criteo.com,1
news.com.au,privacymanager.io,1
privacymanager.io,rlcdn.com,1
skillshare.com,pinterest.com,1
hometalk.com,adlightning.com,1
adlightning.com,agkn.com,1
bit.ly,facebook.com,1
etsy.com,facebook.com,1
booking.com,snapchat.com,1
booking.com,pinimg.com,1
pinimg.com,pinterest.com,1
booking.com,pinterest.com,1
freepik.com,doubleclick.net,1
tripadvisor.com,facebook.com,1
semrush.com,google-analytics.com,1
semrush.com,owox.com,1
miro.com,googletagmanager.com,1
googletagmanager.com,googleadservices.com,1
miro.com,doubleclick.net,1
miro.com,google.com,1
miro.com,google.co.jp,1
hotels.com,travel-assets.com,1
travel-assets.com,demdex.net,1
hotels.com,travel-assets.com,1
travel-assets.com,trvl-px.com,1
hotels.com,trvl-px.com,1
technologyreview.com,google-analytics.com,1
thestar.com,facebook.com,1
sportskeeda.com,yahoo.com,1
miamiherald.com,agkn.com,1
nzherald.co.nz,rlcdn.com,1
iherb.com,criteo.com,1
iherb.com,pinterest.com,1
iherb.com,facebook.com,1
iherb.com,snapchat.com,1
flipsnack.com,pinimg.com,1
pinimg.com,pinterest.com,1
flipsnack.com,pinterest.com,1
flipsnack.com,facebook.com,1
pdffiller.com,pinimg.com,1
pinimg.com,pinterest.com,1
pdffiller.com,pinterest.com,1
pdffiller.com,yahoo.com,1
moma.org,heapanalytics.com,1
moma.org,googletagmanager.com,1
googletagmanager.com,google.com,1
moma.org,googletagmanager.com,1
googletagmanager.com,google-analytics.com,1
moma.org,google.co.jp,1
kompas.com,jixie.media,1
jixie.media,jixie.io,1
ecwid.com,pinimg.com,1
pinimg.com,pinterest.com,1
ecwid.com,pinterest.com,1
priceline.com,criteo.com,1
mindbodygreen.com,facebook.com,1
masterclass.com,facebook.com,1
stltoday.com,facebook.com,1
hotwire.com,facebook.com,1
prothomalo.com,googletagmanager.com,1
googletagmanager.com,google.com,1
prothomalo.com,google.co.jp,1
smore.com,pinimg.com,1
pinimg.com,pinterest.com,1
smore.com,pinterest.com,1
smore.com,facebook.com,1
dailycaller.com,facebook.com,1
veeam.com,facebook.com,1
sporcle.com,rubiconproject.com,1
rubiconproject.com,dotomi.com,1
distrokid.com,facebook.com,1
tribunnews.com,jixie.media,1
jixie.media,jixie.io,1
zoopla.co.uk,amazonaws.com,1
amazonaws.com,rlcdn.com,1
loopnet.com,criteo.com,1
gumtree.com.au,demdex.net,1
gumtree.com.au,rlcdn.com,1
estadao.com.br,facebook.com,1
crateandbarrel.com,adobedtm.com,1
adobedtm.com,demdex.net,1
crateandbarrel.com,googletagmanager.com,1
googletagmanager.com,google.com,1
crateandbarrel.com,googletagmanager.com,1
googletagmanager.com,doubleclick.net,1
crateandbarrel.com,rlcdn.com,1
crateandbarrel.com,igodigital.com,1
crateandbarrel.com,quantummetric.com,1
quantummetric.com,pinterest.com,1
crateandbarrel.com,pinterest.com,1
crateandbarrel.com,google.com,1
crateandbarrel.com,google.co.jp,1
shopstyle.com,facebook.com,1
autoscout24.de,zeotap.com,1
autoscout24.de,doubleclick.net,1
autoscout24.de,criteo.com,1
autoscout24.de,facebook.com,1
autoscout24.de,contentsquare.net,1
contentsquare.net,zeotap.com,1
autoscout24.de,mediarithmics.com,1
reedsy.com,facebook.com,1
aliexpress.com,mmstat.com,1
npr.org,piano.io,1
notion.so,intercomcdn.com,1
intercomcdn.com,intercom.io,1
quillbot.com,datadoghq-browser-agent.com,1
datadoghq-browser-agent.com,amplitude.com,1
quillbot.com,datadoghq-browser-agent.com,1
datadoghq-browser-agent.com,klaviyo.com,1
semrush.com,intercomcdn.com,1
intercomcdn.com,intercom.io,1
notion.site,notion.so,1
notion.site,intercomcdn.com,1
intercomcdn.com,intercom.io,1
smallpdf.com,leanplum.com,1
nymag.com,nymetro.com,1
ning.com,intercomcdn.com,1
intercomcdn.com,intercom.io,1
zapier.com,zapier-deployment.com,1
zapier-deployment.com,fullstory.com,1
zapier.com,intercomcdn.com,1
intercomcdn.com,intercom.io,1
streamable.com,helpscout.net,1
codecademy.com,segment.io,1
codecademy.com,browser-intake-datadoghq.com,1
codecademy.com,sprig.com,1
denverpost.com,msecnd.net,1
msecnd.net,visualstudio.com,1
inquirer.com,tinypass.com,1
tinypass.com,piano.io,1
overstock.com,mparticle.com,1
reverb.com,reverb-assets.com,1
reverb-assets.com,mparticle.com,1
kompas.com,mxpnl.com,1
mxpnl.com,mixpanel.com,1
veed.io,amplitude.com,1
bartleby.com,amazonaws.com,1
groww.in,sentry.io,1
kiwi.com,infinario.com,1
ocregister.com,msecnd.net,1
msecnd.net,visualstudio.com,1
mindbodygreen.com,segment.io,1
mindbodygreen.com,amplitude.com,1
masterclass.com,amplitude.com,1
masterclass.com,segment.io,1
preply.com,intercomcdn.com,1
intercomcdn.com,intercom.io,1
financialpost.com,mparticle.com,1
smore.com,jsdelivr.net,1
jsdelivr.net,featuregates.org,1
smore.com,jsdelivr.net,1
jsdelivr.net,statsigapi.net,1
reviewjournal.com,msecnd.net,1
msecnd.net,visualstudio.com,1
dailycaller.com,klaviyo.com,1
flippingbook.com,cloudfront.net,1
cloudfront.net,mixpanel.com,1
bostonherald.com,msecnd.net,1
msecnd.net,visualstudio.com,1
writesonic.com,mxpnl.com,1
mxpnl.com,mixpanel.com,1
jasper.ai,hsforms.net,1
hsforms.net,hsforms.com,1
artsy.net,cloudfront.net,1
cloudfront.net,segment.io,1
artsy.net,cloudfront.net,1
cloudfront.net,braze.com,1
skypicker.com,kiwi.com,1
skypicker.com,kiwi.com,1
kiwi.com,infinario.com,1
superpal.com,intercomcdn.com,1
intercomcdn.com,intercom.io,1
superpal.com,segment.io,1
estadao.com.br,evgnet.com,1
evgnet.com,evergage.com,1
civitai.com,canny.io,1
template.net,moengage.com,1
doximity.com,fullstory.com,1
stocktwits.com,stocktwits-cdn.com,1
stocktwits-cdn.com,mparticle.com,1
stocktwits.com,stocktwits-cdn.com,1
stocktwits-cdn.com,mixpanel.com,1
stocktwits.com,stocktwits-cdn.com,1
stocktwits-cdn.com,braze.com,1
splice.com,segment.io,1
splice.com,launchdarkly.com,1
splice.com,braze.com,1
greatschools.org,mxpnl.com,1
mxpnl.com,mixpanel.com,1
irishexaminer.com,msecnd.net,1
msecnd.net,visualstudio.com,1
invideo.io,amplitude.com,1
invideo.io,braze.com,1
hellofresh.com,smarterhq.io,1
pressherald.com,msecnd.net,1
msecnd.net,visualstudio.com,1
twincities.com,msecnd.net,1
msecnd.net,visualstudio.com,1
placeit.net,amplitude.com,1
dailynews.com,msecnd.net,1
msecnd.net,visualstudio.com,1
olx.pt,intercomcdn.com,1
intercomcdn.com,intercom.io,1
thehindu.com,site24x7rum.in,1
plex.tv,transifex.com,1
transifex.com,transifex.net,1
tunein.com,adn.cloud,1
player.fm,cloudfront.net,1
cloudfront.net,casalemedia.com,1
player.fm,cloudfront.net,1
cloudfront.net,pubmatic.com,1
fontspace.com,visualstudio.com,1
wetransfer.com,amplitude.com,1
nymag.com,googletagmanager.com,1
googletagmanager.com,google.com,1
nymag.com,sc-static.net,1
sc-static.net,snapchat.com,1
denverpost.com,msecnd.net,1
msecnd.net,osano.com,1
clarin.com,googletagmanager.com,1
googletagmanager.com,google.com,1
inquirer.com,permutive.app,1
permutive.app,permutive.com,1
sun-sentinel.com,visualstudio.com,1
reviewjournal.com,o1ych4jb.com,1
o1ych4jb.com,mg2insights.com,1
terra.com.br,googletagmanager.com,1
googletagmanager.com,google-analytics.com,1
irishexaminer.com,msecnd.net,1
msecnd.net,permutive.com,1
pressherald.com,o1ych4jb.com,1
o1ych4jb.com,mg2insights.com,1
logrocket.com,intercomcdn.com,1
intercomcdn.com,intercom.io,1
telegraph.co.uk,quantummetric.com,1
quantummetric.com,piano.io,1
independent.co.uk,tinypass.com,1
tinypass.com,piano.io,1
thedailybeast.com,tinypass.com,1
tinypass.com,piano.io,1
technologyreview.com,tinypass.com,1
tinypass.com,piano.io,1
technologyreview.com,tinypass.com,1
billboard.com,tinypass.com,1
tinypass.com,piano.io,1
thehindu.com,tinypass.com,1
tinypass.com,piano.io,1
snopes.com,tinypass.com,1
tinypass.com,piano.io,1
oregonlive.com,tinypass.com,1
tinypass.com,piano.io,1
seek.com.au,tealiumiq.com,1
edmunds.com,googleapis.com,1
scotsman.com,tinypass.com,1
tinypass.com,piano.io,1
yourdictionary.com,googleapis.com,1
financialpost.com,tinypass.com,1
tinypass.com,piano.io,1
kqed.org,googleapis.com,1
dailycaller.com,tinypass.com,1
tinypass.com,piano.io,1
sltrib.com,tinypass.com,1
tinypass.com,piano.io,1
sltrib.com,pub.network,1
sltrib.com,tinypass.com,1
yourstory.com,piano.io,1
fansly.com,zdassets.com,1
zdassets.com,zopim.com,1
cakeresume.com,mixpanel.com,1
quillbot.com,datadoghq-browser-agent.com,1
datadoghq-browser-agent.com,googleapis.com,1
justwatch.com,googleapis.com,1
topuniversities.com,qs.com,1
qs.com,googleapis.com,1
autotrader.com,amazonaws.com,1
nypost.com,newscgp.com,1
newscgp.com,rubiconproject.com,1
nypost.com,newscgp.com,1
newscgp.com,criteo.com,1
nypost.com,criteo.net,1
criteo.net,criteo.com,1
usnews.com,tiqcdn.com,1
tiqcdn.com,permutive.com,1
ziprecruiter.com,impactradius-event.com,1
impactradius-event.com,fdcm73.net,1
overstock.com,tealiumiq.com,1
hotwire.com,go-mpulse.net,1
go-mpulse.net,tealiumiq.com,1
terra.com.br,trrsf.com,1
trrsf.com,criteo.com,1
olx.ro,olx.org,1
olx.org,criteo.com,1
olx.ro,olx.org,1
olx.org,casalemedia.com,1
olx.ro,olx.org,1
olx.org,creativecdn.com,1
ladepeche.fr,windows.net,1
windows.net,slgnt.eu,1
domain.com.au,raygun.io,1
raygun.io,tealiumiq.com,1
skillshare.com,impactradius-event.com,1
impactradius-event.com,eqcm.net,1
wish.com,impactradius-event.com,1
impactradius-event.com,pxf.io,1
cgtrader.com,impactcdn.com,1
impactcdn.com,sjv.io,1
booking.com,sc-static.net,1
sc-static.net,snapchat.com,1
usatoday.com,sc-static.net,1
sc-static.net,snapchat.com,1
independent.co.uk,permutive.app,1
permutive.app,permutive.com,1
nypost.com,permutive.app,1
permutive.app,permutive.com,1
usnews.com,tiqcdn.com,1
tiqcdn.com,amazon-adsystem.com,1
economist.com,tiktok.com,1
semrush.com,tiktok.com,1
hotels.com,travel-assets.com,1
travel-assets.com,expedia.com,1
cbssports.com,amazonaws.com,1
amazonaws.com,tealiumiq.com,1
sportskeeda.com,amazon-adsystem.com,1
sportskeeda.com,permutive.app,1
permutive.app,permutive.com,1
miamiherald.com,go-mpulse.net,1
go-mpulse.net,akstat.io,1
iherb.com,simonsignal.com,1
iherb.com,sc-static.net,1
sc-static.net,snapchat.com,1
clarin.com,permutive.app,1
permutive.app,permutive.com,1
pdffiller.com,tiktok.com,1
wish.com,sc-static.net,1
sc-static.net,snapchat.com,1
hotwire.com,go-mpulse.net,1
go-mpulse.net,akstat.io,1
financialpost.com,permutive.app,1
permutive.app,permutive.com,1
gumtree.com,permutive.app,1
permutive.app,permutive.com,1
sporcle.com,amazon-adsystem.com,1
sporcle.com,rubiconproject.com,1
rubiconproject.com,criteo.com,1
sporcle.com,criteo.net,1
criteo.net,criteo.com,1
lyst.com,sc-static.net,1
sc-static.net,snapchat.com,1
christianpost.com,permutive.com,1
dagbladet.no,acdn.no,1
acdn.no,aid.no,1
buzzfeed.com,polyfill.io,1
buzzfeed.com,adrizer.com,1
buzzfeed.com,doubleclick.net,1
buzzfeed.com,quantcast.com,1
buzzfeed.com,permutive.com,1
buzzfeed.com,quantcast.com,1
quantcast.com,consensu.org,1
buzzfeed.com,quantserve.com,1
quantserve.com,quantcount.com,1
buzzfeed.com,google.com,1
buzzfeed.com,google.co.jp,1
snyk.io,headwayapp.co,1
snyk.io,segment.com,1
snyk.io,segment.com,1
segment.com,sprig.com,1
snyk.io,segment.com,1
segment.com,appcues.com,1
snyk.io,segment.io,1
snyk.io,sprig.com,1
snyk.io,browser-intake-datadoghq.com,1
donga.com,google.co.jp,1
donga.com,google-analytics.com,1
google-analytics.com,doubleclick.net,1
donga.com,google.com,1
zoom.com,google.com,1
zoom.com,zoom.us,1
codecademy.com,google.com,1
codecademy.com,google.co.jp,1
codecademy.com,lightboxcdn.com,1
solvvy.com,google.com,1
solvvy.com,zoom.us,1
sportskeeda.com,google.com,1
ancestry.com,google.com,1
plex.tv,wp.com,1
skillshare.com,google.com,1
theathletic.com,google.com,1
creativemarket.com,google.com,1
creativefabrica.com,google.com,1
teespring.com,google.com,1
dochub.com,google.com,1
christianpost.com,google.com,1
npr.org,publicmediasignin.org,1
npr.org,cloudfront.net,1
cloudfront.net,publicmediasignin.org,1
pbs.org,publicmediasignin.org,1
pbs.org,cloudfront.net,1
cloudfront.net,publicmediasignin.org,1
pbs.org,janraincapture.com,1
janraincapture.com,publicmediasignin.org,1
nasdaq.com,google.com,1
hola.org,google.com,1
hola.org,hwcdn.net,1
manoramaonline.com,google.com,1
adobe.com,google.com,1
vimeo.com,google.com,1
wordpress.com,google.com,1
bit.ly,google.com,1
bit.ly,bitly.com,1
tiktok.com,google.com,1
tumblr.com,google.com,1
spotify.com,google.com,1
spotify.com,scdn.co,1
scdn.co,google.com,1
fandom.com,google.com,1
canva.com,google.com,1
nytimes.com,google.com,1
imdb.com,google.com,1
medium.com,google.com,1
gravatar.com,google.com,1
aliexpress.com,google.com,1
soundcloud.com,google.com,1
xhamster.com,google.com,1
forbes.com,google.com,1
quora.com,google.com,1
theguardian.com,google.com,1
stackoverflow.com,google.com,1
stackoverflow.com,stackauth.com,1
indeed.com,google.com,1
indeed.com,gstatic.com,1
gstatic.com,google.com,1
etsy.com,google.com,1
booking.com,google.com,1
shopify.com,google.com,1
epicgames.com,google.com,1
researchgate.net,google.com,1
aliyun.com,google.com,1
aliyun.com,alibabacloud.com,1
pixiv.net,google.com,1
issuu.com,google.com,1
weebly.com,google.com,1
hp.com,google.com,1
washingtonpost.com,google.com,1
dailymail.co.uk,google.com,1
nature.com,google.com,1
nature.com,springernature.com,1
ok.ru,google.com,1
reg.ru,google.com,1
wp.com,google.com,1
chaturbate.com,google.com,1
onlyfans.com,google.com,1
hubspot.com,google.com,1
hubspot.com,hsappstatic.net,1
hsappstatic.net,google.com,1
ilovepdf.com,google.com,1
ft.com,google.com,1
xiaomi.com,google.com,1
grammarly.com,google.com,1
digitalocean.com,google.com,1
usatoday.com,google.com,1
usatoday.com,gcion.com,1
eventbrite.com,google.com,1
atlassian.net,google.com,1
b-cdn.net,google.com,1
b-cdn.net,bunny.net,1
npr.org,google.com,1
typeform.com,google.com,1
time.com,google.com,1
time.com,firebaseapp.com,1
w3schools.com,google.com,1
w3schools.com,w3spaces.com,1
surveymonkey.com,google.com,1
goodreads.com,google.com,1
pixabay.com,google.com,1
indiatimes.com,google.com,1
ted.com,google.com,1
tripadvisor.com,google.com,1
wired.com,google.com,1
wired.com,condenast.com,1
sentry.io,google.com,1
aol.com,google.com,1
mi.com,google.com,1
livejournal.com,google.com,1
stripchat.com,google.com,1
wetransfer.com,google.com,1
notion.so,google.com,1
independent.co.uk,google.com,1
independent.co.uk,piano.io,1
squarespace.com,google.com,1
techcrunch.com,google.com,1
figma.com,google.com,1
latimes.com,google.com,1
latimes.com,californiatimes.com,1
nvidia.com,google.com,1
bitly.com,google.com,1
taboola.com,google.com,1
upwork.com,google.com,1
huffingtonpost.com,google.com,1
huffingtonpost.com,huffpost.com,1
hotjar.com,google.com,1
duckdns.org,google.com,1
trustpilot.com,google.com,1
ups.com,google.com,1
box.com,google.com,1
redmart.com,google.com,1
academia.edu,google.com,1
wikihow.com,google.com,1
eporner.com,google.com,1
atlassian.com,google.com,1
zoho.com,google.com,1
theatlantic.com,google.com,1
coursera.org,google.com,1
quizlet.com,google.com,1
nypost.com,google.com,1
chess.com,google.com,1
gitee.com,google.com,1
usnews.com,google.com,1
globo.com,google.com,1
paloaltonetworks.com,google.com,1
paloaltonetworks.com,rpxnow.com,1
gitlab.com,google.com,1
newrelic.com,google.com,1
newrelic.com,b2clogin.com,1
nicovideo.jp,google.com,1
dreamhost.com,google.com,1
pbs.org,google.com,1
jotform.com,google.com,1
economist.com,google.com,1
marketwatch.com,google.com,1
marketwatch.com,dowjones.com,1
akismet.com,google.com,1
arcgis.com,google.com,1
linode.com,google.com,1
shein.com,google.com,1
statuspage.io,google.com,1
abc.net.au,google.com,1
quillbot.com,google.com,1
cbc.ca,google.com,1
jimdo.com,google.com,1
asana.com,google.com,1
aparat.com,google.com,1
theconversation.com,google.com,1
remove.bg,google.com,1
remove.bg,kaleido.ai,1
smartadserver.com,google.com,1
fortune.com,google.com,1
fortune.com,tinypass.com,1
9gag.com,google.com,1
digg.com,google.com,1
newyorker.com,google.com,1
constantcontact.com,google.com,1
apa.org,google.com,1
getpocket.com,google.com,1
myanimelist.net,google.com,1
oreilly.com,google.com,1
uber.com,google.com,1
newsweek.com,google.com,1
genius.com,google.com,1
vox.com,google.com,1
vox.com,voxmedia.com,1
meetup.com,google.com,1
xhamster18.desi,google.com,1
xhamster18.desi,xhamster20.desi,1
reverso.net,google.com,1
geeksforgeeks.org,google.com,1
shopee.tw,google.com,1
cloudinary.com,google.com,1
engadget.com,google.com,1
ebay.co.uk,google.com,1
gamespot.com,google.com,1
mirror.co.uk,google.com,1
mirror.co.uk,reachplc.com,1
wattpad.com,google.com,1
xing.com,google.com,1
erome.com,google.com,1
bitbucket.org,google.com,1
bitbucket.org,atlassian.com,1
2gis.com,google.com,1
timeanddate.com,google.com,1
jstor.org,google.com,1
openstreetmap.org,google.com,1
greasyfork.org,google.com,1
stumbleupon.com,google.com,1
stumbleupon.com,mix.com,1
geocities.com,google.com,1
geocities.com,yahoo.com,1
entrepreneur.com,google.com,1
dnsimple.com,google.com,1
hostinger.com,google.com,1
appcenter.ms,google.com,1
photobucket.com,google.com,1
bbb.org,google.com,1
pnas.org,google.com,1
pnas.org,scienceconnect.io,1
glassdoor.com,google.com,1
similarweb.com,google.com,1
nexon.com,google.com,1
slate.com,google.com,1
slate.com,tinypass.com,1
nextdoor.com,google.com,1
rottentomatoes.com,google.com,1
guardian.co.uk,google.com,1
guardian.co.uk,theguardian.com,1
sketchfab.com,google.com,1
deezer.com,google.com,1
semrush.com,google.com,1
dlsite.com,google.com,1
norton.com,google.com,1
shopee.co.id,google.com,1
chicagotribune.com,google.com,1
news.com.au,google.com,1
news.com.au,newscorpaustralia.com,1
thetimes.co.uk,google.com,1
v2ex.com,google.com,1
samsungapps.com,google.com,1
codepen.io,google.com,1
pvp.net,google.com,1
pvp.net,riotgames.com,1
drift.com,google.com,1
smh.com.au,google.com,1
khanacademy.org,google.com,1
skyeng.ru,google.com,1
rumble.com,google.com,1
airtable.com,google.com,1
lemonde.fr,google.com,1
rakuten.com,google.com,1
netscape.com,google.com,1
netscape.com,aol.com,1
realtor.com,google.com,1
feedly.com,google.com,1
ibb.co,google.com,1
ibb.co,imgbb.com,1
prezi.com,google.com,1
hootsuite.com,google.com,1
crunchbase.com,google.com,1
wise.com,google.com,1
discogs.com,google.com,1
auth0.com,google.com,1
thedailybeast.com,google.com,1
agora.io,google.com,1
semanticscholar.org,google.com,1
goguardian.com,google.com,1
altervista.org,google.com,1
insider.com,google.com,1
insider.com,businessinsider.com,1
agoda.com,google.com,1
shopee.co.th,google.com,1
newscientist.com,google.com,1
hindustantimes.com,google.com,1
lifehacker.com,google.com,1
lifehacker.com,kinja.com,1
pusher.com,google.com,1
woocommerce.com,google.com,1
notion.site,google.com,1
loom.com,google.com,1
moodle.org,google.com,1
flipboard.com,google.com,1
smallpdf.com,google.com,1
repubblica.it,google.com,1
nymag.com,google.com,1
nymag.com,auth0.com,1
nydailynews.com,google.com,1
parallels.com,google.com,1
bitnami.com,google.com,1
thefreedictionary.com,google.com,1
shopee.com.my,google.com,1
pubnub.com,google.com,1
datadoghq.com,google.com,1
instructables.com,google.com,1
ning.com,google.com,1
leagueoflegends.com,google.com,1
leagueoflegends.com,riotgames.com,1
intercom.io,google.com,1
intercom.io,intercom.com,1
pastebin.com,google.com,1
freecodecamp.org,google.com,1
xiaomi.net,google.com,1
quantummetric.com,google.com,1
houzz.com,google.com,1
lefigaro.fr,google.com,1
hotels.com,google.com,1
doordash.com,google.com,1
sapo.pt,google.com,1
ahrefs.com,google.com,1
monday.com,google.com,1
hubspot.net,google.com,1
hubspot.net,hubspot.com,1
hubspot.net,hsappstatic.net,1
hsappstatic.net,google.com,1
about.me,google.com,1
technologyreview.com,google.com,1
zapier.com,google.com,1
badoo.com,google.com,1
naukri.com,google.com,1
asos.com,google.com,1
pikabu.ru,google.com,1
cosmopolitan.com,google.com,1
cosmopolitan.com,mylo.id,1
basecamp.com,google.com,1
basecamp.com,37signals.com,1
medscape.com,google.com,1
udn.com,google.com,1
idnes.cz,google.com,1
idnes.cz,lidovky.cz,1
idnes.cz,expres.cz,1
idnes.cz,ocko.tv,1
intercom.com,google.com,1
indiamart.com,google.com,1
lazada.co.th,google.com,1
500px.com,google.com,1
toyota.com,google.com,1
orcid.org,google.com,1
smartsheet.com,google.com,1
codecanyon.net,google.com,1
codecanyon.net,envato.com,1
tenor.com,google.com,1
note.com,google.com,1
edx.org,google.com,1
vanityfair.com,google.com,1
shopee.vn,google.com,1
lonelyplanet.com,google.com,1
newegg.com,google.com,1
cloudconvert.com,google.com,1
billboard.com,google.com,1
thestar.com,google.com,1
livechatinc.com,google.com,1
livechatinc.com,livechat.com,1
justwatch.com,google.com,1
17track.net,google.com,1
axios.com,google.com,1
postman.com,google.com,1
postman.com,getpostman.com,1
thehindu.com,google.com,1
thehindu.com,tinypass.com,1
boredpanda.com,google.com,1
txxx.com,google.com,1
patch.com,google.com,1
fanbox.cc,google.com,1
fanbox.cc,pixiv.net,1
elastic.co,google.com,1
yahoo.net,google.com,1
yahoo.net,yahoo.com,1
upornia.com,google.com,1
seattletimes.com,google.com,1
ultimate-guitar.com,google.com,1
msi.com,google.com,1
windy.com,google.com,1
kroger.com,google.com,1
zoominfo.com,google.com,1
greenhouse.io,google.com,1
scoop.it,google.com,1
polygon.com,google.com,1
polygon.com,voxmedia.com,1
redbull.com,google.com,1
wp.me,google.com,1
depositphotos.com,google.com,1
answers.com,google.com,1
gopro.com,google.com,1
wistia.com,google.com,1
focus.de,google.com,1
focus.de,auth0.com,1
focus.de,burda-forward.de,1
ihc.ru,google.com,1
snopes.com,google.com,1
simpcity.su,google.com,1
habr.com,google.com,1
onesignal.com,google.com,1
churnzero.net,google.com,1
rapidgator.net,google.com,1
strava.com,google.com,1
fliphtml5.com,google.com,1
cern.ch,google.com,1
ew.com,google.com,1
lazada.com.ph,google.com,1
ubereats.com,google.com,1
ubereats.com,uber.com,1
miamiherald.com,google.com,1
miamiherald.com,auth0.com,1
padlet.com,google.com,1
padlet.com,padlet.org,1
4shared.com,google.com,1
japantimes.co.jp,google.com,1
spreaker.com,google.com,1
wargaming.net,google.com,1
atlasobscura.com,google.com,1
pngtree.com,google.com,1
webtoons.com,google.com,1
pixlr.com,google.com,1
shopee.ph,google.com,1
olx.ua,google.com,1
olx.ua,olx.com,1
kayak.com,google.com,1
kayak.com,kayak.co.jp,1
popsci.com,google.com,1
zappos.com,google.com,1
tapjoy.com,google.com,1
flashscore.com,google.com,1
segmentfault.com,google.com,1
litres.ru,google.com,1
kaggle.com,google.com,1
quizizz.com,google.com,1
eater.com,google.com,1
eater.com,voxmedia.com,1
heyfiesta.com,google.com,1
sendinblue.com,google.com,1
sendinblue.com,brevo.com,1
zomato.com,google.com,1
denverpost.com,google.com,1
denverpost.com,auth0.com,1
lazada.com.my,google.com,1
tabelog.com,google.com,1
arduino.cc,google.com,1
plex.tv,google.com,1
ruliweb.com,google.com,1
monster.com,google.com,1
sketchup.com,google.com,1
sketchup.com,trimble.com,1
abc.es,google.com,1
olx.pl,google.com,1
olx.pl,olx.com,1
flightradar24.com,google.com,1
formstack.com,google.com,1
diigo.com,google.com,1
heise.de,google.com,1
overleaf.com,google.com,1
uefa.com,google.com,1
temu.com,google.com,1
eonline.com,google.com,1
eonline.com,nbcuni.com,1
iherb.com,google.com,1
infogram.com,google.com,1
clarin.com,google.com,1
inquirer.com,google.com,1
reverbnation.com,google.com,1
tunein.com,google.com,1
ynet.co.il,google.com,1
ko-fi.com,google.com,1
overstock.com,google.com,1
overstock.com,firebaseapp.com,1
acer.com,google.com,1
groupon.com,google.com,1
lever.co,google.com,1
benzinga.com,google.com,1
imgix.net,google.com,1
imgix.net,imgix.com,1
xhamster3.com,google.com,1
ama-assn.org,google.com,1
harvestapp.com,google.com,1
harvestapp.com,getharvest.com,1
marthastewart.com,google.com,1
liveintent.com,google.com,1
producthunt.com,google.com,1
pdffiller.com,google.com,1
xhday.com,google.com,1
xhday.com,xhamster.com,1
baltimoresun.com,google.com,1
afreecatv.com,google.com,1
parsely.com,google.com,1
drugs.com,google.com,1
dailystar.co.uk,google.com,1
dailystar.co.uk,reachplc.com,1
theage.com.au,google.com,1
nvidia.cn,google.com,1
melio.com,google.com,1
melio.com,meliopayments.com,1
reverb.com,google.com,1
coub.com,google.com,1
hotornot.com,google.com,1
hotornot.com,chatdate.app,1
infourok.ru,google.com,1
fantia.jp,google.com,1
seek.com.au,google.com,1
seek.com.au,seek.com,1
vjav.com,google.com,1
dhgate.com,google.com,1
udacity.com,google.com,1
sandiegouniontribune.com,google.com,1
sandiegouniontribune.com,californiatimes.com,1
usmagazine.com,google.com,1
usmagazine.com,ami-admin.com,1
techsmith.com,google.com,1
news24.com,google.com,1
dmca.com,google.com,1
xmlsoft.org,google.com,1
xmlsoft.org,gnome.org,1
booth.pm,google.com,1
booth.pm,pixiv.net,1
algolianet.com,google.com,1
algolianet.com,algolia.com,1
mailerlite.com,google.com,1
edmunds.com,google.com,1
edmunds.com,firebaseapp.com,1
liquidweb.com,google.com,1
haberturk.com,google.com,1
moma.org,google.com,1
manyvids.com,google.com,1
veed.io,google.com,1
desmos.com,google.com,1
fox.com,google.com,1
yellowpages.com,google.com,1
bitrix24.com,google.com,1
bitrix24.com,bitrix24.net,1
simplilearn.com,google.com,1
bartleby.com,google.com,1
sbnation.com,google.com,1
sbnation.com,voxmedia.com,1
xhamster.desi,google.com,1
rtve.es,google.com,1
scotsman.com,google.com,1
washingtonexaminer.com,google.com,1
todoist.com,google.com,1
apartments.com,google.com,1
emalls.ir,google.com,1
mihanwebhost.com,google.com,1
hostinger.in,google.com,1
hostinger.in,hostinger.com,1
capitaloneshopping.com,google.com,1
truecaller.com,google.com,1
doodle.com,google.com,1
sendpulse.com,google.com,1
swiftype.com,google.com,1
milliyet.com.tr,google.com,1
milliyet.com.tr,demirorenmedya.com,1
allmusic.com,google.com,1
aol.ca,google.com,1
aol.ca,aol.com,1
narvar.com,google.com,1
inven.co.kr,google.com,1
icons8.com,google.com,1
wish.com,google.com,1
sport.es,google.com,1
qodeinteractive.com,google.com,1
nationalgeographic.org,google.com,1
kiwi.com,google.com,1
yourdictionary.com,google.com,1
yourdictionary.com,firebaseapp.com,1
mql5.com,google.com,1
ecwid.com,google.com,1
duplichecker.com,google.com,1
angel.co,google.com,1
angel.co,wellfound.com,1
dynu.com,google.com,1
warthunder.com,google.com,1
warthunder.com,gaijin.net,1
intercomcdn.com,google.com,1
intercomcdn.com,intercom.com,1
getpostman.com,google.com,1
ocregister.com,google.com,1
ocregister.com,auth0.com,1
workable.com,google.com,1
timesonline.co.uk,google.com,1
timesonline.co.uk,thetimes.co.uk,1
mainichi.jp,google.com,1
takealot.com,google.com,1
priceline.com,google.com,1
hackernoon.com,google.com,1
hcaptcha.com,google.com,1
avon.com,google.com,1
petfinder.com,google.com,1
subscene.com,google.com,1
subscene.com,jeded.com,1
shopee.sg,google.com,1
telegraaf.nl,google.com,1
telegraaf.nl,tnet.nl,1
odnoklassniki.ru,google.com,1
odnoklassniki.ru,ok.ru,1
site123.me,google.com,1
site123.me,site123.com,1
webofscience.com,google.com,1
webofscience.com,clarivate.com,1
alternativeto.net,google.com,1
foodandwine.com,google.com,1
edublogs.org,google.com,1
topuniversities.com,google.com,1
topuniversities.com,firebaseapp.com,1
huobi.com,google.com,1
thestar.com.my,google.com,1
thestar.com.my,amazoncognito.com,1
zoho.in,google.com,1
zoho.in,zoho.com,1
statnews.com,google.com,1
bakusai.com,google.com,1
bakusai.com,zauth.net,1
mindbodygreen.com,google.com,1
afr.com,google.com,1
tasteofhome.com,google.com,1
tasteofhome.com,azurewebsites.net,1
zee5.com,google.com,1
index.hr,google.com,1
altavista.com,google.com,1
altavista.com,yahoo.com,1
myfonts.com,google.com,1
myfonts.com,monotype.com,1
ibotta.com,google.com,1
sitepoint.com,google.com,1
newrepublic.com,google.com,1
newrepublic.com,blink.net,1
fmb.la,google.com,1
masterclass.com,google.com,1
preply.com,google.com,1
speakerdeck.com,google.com,1
corporatefinanceinstitute.com,google.com,1
sun-sentinel.com,google.com,1
sun-sentinel.com,auth0.com,1
stltoday.com,google.com,1
olx.in,google.com,1
beacons.ai,google.com,1
code.org,google.com,1
atl-paas.net,google.com,1
atl-paas.net,atlassian.com,1
autotrader.com,google.com,1
autotrader.com,kbb-autotrader.com,1
lazada.sg,google.com,1
akc.org,google.com,1
dramacool.cr,google.com,1
dramacool.cr,dramacool.hr,1
dramacool.cr,gstatic.com,1
gstatic.com,google.com,1
hotwire.com,google.com,1
financialpost.com,google.com,1
financialpost.com,loginradius.com,1
infusionsoft.com,google.com,1
prothomalo.com,google.com,1
camsoda.com,google.com,1
qiita.com,google.com,1
newsbreak.com,google.com,1
newsbreak.com,firebaseapp.com,1
pmi.org,google.com,1
techspot.com,google.com,1
datastax.com,google.com,1
kqed.org,google.com,1
smore.com,google.com,1
dagbladet.no,google.com,1
reviewjournal.com,google.com,1
tapatalk.com,google.com,1
aimtell.com,google.com,1
gobankingrates.com,google.com,1
glosbe.com,google.com,1
okx.com,google.com,1
dailycaller.com,google.com,1
ipinfo.io,google.com,1
xhcdn.com,google.com,1
xhcdn.com,xhamster.com,1
corel.com,google.com,1
lazada.vn,google.com,1
vidyard.com,google.com,1
vidyard.com,heapanalytics.com,1
heapanalytics.com,google.com,1
bangkokpost.com,google.com,1
flippingbook.com,google.com,1
vocabulary.com,google.com,1
bab.la,google.com,1
giantbomb.com,google.com,1
genial.ly,google.com,1
worldstarhiphop.com,google.com,1
dnsexit.com,google.com,1
themuse.com,google.com,1
elcomercio.pe,google.com,1
elcomercio.pe,piano.io,1
cults3d.com,google.com,1
newstatesman.com,google.com,1
lolesports.com,google.com,1
lolesports.com,riotgames.com,1
samsungelectronics.com,google.com,1
geocaching.com,google.com,1
99designs.com,google.com,1
99designs.com,vista.com,1
99designs.com,auth0.com,1
99designs.com,99designs.jp,1
bostonherald.com,google.com,1
bostonherald.com,auth0.com,1
playblackdesert.com,google.com,1
mywot.com,google.com,1
blackbaud.com,google.com,1
hclips.com,google.com,1
humblebundle.com,google.com,1
humblebundle.com,firebaseapp.com,1
jasper.ai,google.com,1
browserstack.com,google.com,1
musescore.com,google.com,1
customer.io,google.com,1
lendingtree.com,google.com,1
asana.biz,google.com,1
asana.biz,asana.com,1
pub.dev,google.com,1
blooket.com,google.com,1
ucoz.com,google.com,1
zoho.eu,google.com,1
zoho.eu,zoho.com,1
sltrib.com,google.com,1
pipedrive.com,google.com,1
talent.com,google.com,1
geogebra.org,google.com,1
taplytics.com,google.com,1
printful.com,google.com,1
food.com,google.com,1
wolt.com,google.com,1
southernliving.com,google.com,1
ilsole24ore.com,google.com,1
stitchfix.com,google.com,1
pixieset.com,google.com,1
lightinthebox.com,google.com,1
phonearena.com,google.com,1
docdroid.net,google.com,1
veeam.com,google.com,1
lucid.app,google.com,1
clockify.me,google.com,1
treasuredata.com,google.com,1
imgflip.com,google.com,1
shopee.com.br,google.com,1
broadwayworld.com,google.com,1
broadwayworld.com,firebaseapp.com,1
awwwards.com,google.com,1
inkscape.org,google.com,1
piano.io,google.com,1
filmweb.pl,google.com,1
sporcle.com,google.com,1
heylink.me,google.com,1
audiomack.com,google.com,1
cmoa.jp,google.com,1
thetrainline.com,google.com,1
thetrainline.com,trainline.com,1
20min.ch,google.com,1
20min.ch,onelog.ch,1
k2s.cc,google.com,1
artsy.net,google.com,1
rawstory.com,google.com,1
hubapi.com,google.com,1
hubapi.com,hubspot.com,1
hubapi.com,hsappstatic.net,1
hsappstatic.net,google.com,1
slides.com,google.com,1
vc.ru,google.com,1
worldstar.com,google.com,1
worldstar.com,worldstarhiphop.com,1
iterable.com,google.com,1
futurelearn.com,google.com,1
distrokid.com,google.com,1
nethouse.ru,google.com,1
zippia.com,google.com,1
front.com,google.com,1
olx.ro,google.com,1
olx.ro,olx.com,1
pons.com,google.com,1
delfi.ee,google.com,1
tribunnews.com,google.com,1
prodigygame.com,google.com,1
jobinja.ir,google.com,1
termly.io,google.com,1
oxfordlearnersdictionaries.com,google.com,1
castbox.fm,google.com,1
whitepages.com,google.com,1
manualslib.com,google.com,1
mux.com,google.com,1
timesnownews.com,google.com,1
follow.it,google.com,1
skypicker.com,google.com,1
elperiodico.com,google.com,1
player.fm,google.com,1
adguard.com,google.com,1
zoopla.co.uk,google.com,1
consumeraffairs.com,google.com,1
1x-bet.in,google.com,1
1x-bet.in,xoauth.top,1
104.com.tw,google.com,1
is.fi,google.com,1
opendoor.com,google.com,1
auckland.ac.nz,google.com,1
gutefrage.net,google.com,1
nwsource.com,google.com,1
nwsource.com,seattletimes.com,1
weedmaps.com,google.com,1
barchart.com,google.com,1
loopnet.com,google.com,1
loopnet.com,costargroup.com,1
devpost.com,google.com,1
prf.hn,google.com,1
prf.hn,partnerize.com,1
mynewsdesk.com,google.com,1
superpal.com,google.com,1
citationmachine.net,google.com,1
citationmachine.net,chegg.com,1
character.ai,google.com,1
character.ai,auth0.com,1
gogoanime.tel,google.com,1
gogoanime.tel,gogoanime.llc,1
hackerrank.com,google.com,1
anyflip.com,google.com,1
gumtree.com.au,google.com,1
flourish.studio,google.com,1
sendspace.com,google.com,1
guard.io,google.com,1
airasia.com,google.com,1
nearpod.com,google.com,1
kiva.org,google.com,1
trafficjunky.com,google.com,1
freshbooks.com,google.com,1
tensorflow.org,google.com,1
versus.com,google.com,1
boosty.to,google.com,1
estadao.com.br,google.com,1
education.com,google.com,1
j.mp,google.com,1
j.mp,bitly.com,1
basketball-reference.com,google.com,1
basketball-reference.com,stathead.com,1
lexpress.fr,google.com,1
lexpress.fr,qiota.com,1
coolors.co,google.com,1
civitai.com,google.com,1
lyst.com,google.com,1
manutd.com,google.com,1
slideserve.com,google.com,1
govtrack.us,google.com,1
toyokeizai.net,google.com,1
toyokeizai.net,socialplus.jp,1
bitbucket.io,google.com,1
bitbucket.io,atlassian.com,1
bitbucket.io,bitbucket.org,1
section.io,google.com,1
daraz.com.bd,google.com,1
cognitoforms.com,google.com,1
sitejabber.com,google.com,1
tagged.com,google.com,1
helpscout.net,google.com,1
vectorstock.com,google.com,1
playwire.com,google.com,1
altema.jp,google.com,1
funnyjunk.com,google.com,1
waveapps.com,google.com,1
template.net,google.com,1
olark.com,google.com,1
milenio.com,google.com,1
milenio.com,tinypass.com,1
gettr.com,google.com,1
vidiq.com,google.com,1
gamerch.com,google.com,1
gamerch.com,i2i.jp,1
reolink.com,google.com,1
ensonhaber.com,google.com,1
podomatic.com,google.com,1
love.ru,google.com,1
ask.fm,google.com,1
capcut.com,google.com,1
screener.in,google.com,1
teamwork.com,google.com,1
havenlife.com,google.com,1
siteorigin.com,google.com,1
squadhelp.com,google.com,1
onrender.com,google.com,1
onrender.com,render.com,1
trackjs.com,google.com,1
hero-wars.com,google.com,1
uipath.com,google.com,1
pdfsimpli.com,google.com,1
daily.co,google.com,1
freehostia.com,google.com,1
freehostia.com,cloudlogin.co,1
onefootball.com,google.com,1
payforessay.net,google.com,1
hotukdeals.com,google.com,1
blick.ch,google.com,1
blick.ch,onelog.ch,1
infoq.com,google.com,1
belfasttelegraph.co.uk,google.com,1
webnovel.com,google.com,1
zenfolio.com,google.com,1
grabcad.com,google.com,1
splice.com,google.com,1
money.pl,google.com,1
money.pl,wp.pl,1
moddb.com,google.com,1
greatschools.org,google.com,1
pandadoc.com,google.com,1
yummly.com,google.com,1
openstax.org,google.com,1
grafana.com,google.com,1
digialm.com,google.com,1
digialm.com,tcsion.com,1
23andme.com,google.com,1
clutch.co,google.com,1
edutopia.org,google.com,1
hometalk.com,google.com,1
bonanza.com,google.com,1
qr-code-generator.com,google.com,1
qr-code-generator.com,amazoncognito.com,1
northjersey.com,google.com,1
northjersey.com,gcion.com,1
northjersey.com,usatoday.com,1
rocketreach.co,google.com,1
iq.com,google.com,1
worldoftanks.eu,google.com,1
questionpro.com,google.com,1
irishexaminer.com,google.com,1
jetpack.com,google.com,1
project-syndicate.org,google.com,1
property24.com,google.com,1
mypikpak.com,google.com,1
myminifactory.com,google.com,1
adobeconnect.com,google.com,1
adobeconnect.com,adobe.com,1
donorbox.org,google.com,1
shopstyle.com,google.com,1
zoosk.com,google.com,1
kino-teatr.ru,google.com,1
superchatlive.com,google.com,1
yahoo.com.tw,google.com,1
yahoo.com.tw,yahoo.com,1
vingle.net,google.com,1
asics.com,google.com,1
ixbt.com,google.com,1
ixbt.com,ulogin.ru,1
kahoot.com,google.com,1
invideo.io,google.com,1
answerthepublic.com,google.com,1
kapook.com,google.com,1
picmonkey.com,google.com,1
igg.com,google.com,1
hs.fi,google.com,1
snyk.io,google.com,1
snyk.io,auth0.com,1
pressherald.com,google.com,1
pressherald.com,auth0.com,1
storyblocks.com,google.com,1
fontspace.com,google.com,1
yourstory.com,google.com,1
autoscout24.de,google.com,1
autoscout24.de,autoscout24.com,1
gradescope.com,google.com,1
tinkercad.com,google.com,1
romwe.com,google.com,1
kapwing.com,google.com,1
logrocket.com,google.com,1
setlist.fm,google.com,1
timberland.com,google.com,1
timberland.com,timberland.co.jp,1
podio.com,google.com,1
avvo.com,google.com,1
jampp.com,google.com,1
ladepeche.fr,google.com,1
umblr.com,google.com,1
umblr.com,tumblr.com,1
larazon.es,google.com,1
larazon.es,amazoncognito.com,1
rudderstack.com,google.com,1
teleportinfra.sh,google.com,1
teleportinfra.sh,gravitational.com,1
gusto.com,google.com,1
joom.com,google.com,1
twincities.com,google.com,1
twincities.com,auth0.com,1
reedsy.com,google.com,1
hinative.com,google.com,1
placeit.net,google.com,1
placeit.net,envato.com,1
91mobiles.com,google.com,1
bukalapak.com,google.com,1
heraldscotland.com,google.com,1
heraldscotland.com,tinypass.com,1
kaskus.co.id,google.com,1
walkscore.com,google.com,1
1001fonts.com,google.com,1
ria.com,google.com,1
dailynews.com,google.com,1
dailynews.com,auth0.com,1
setn.com,google.com,1
neowin.net,google.com,1
ngrok.io,google.com,1
polleverywhere.com,google.com,1
emltrk.com,google.com,1
emltrk.com,litmus.com,1
lyricstranslate.com,google.com,1
vedantu.com,google.com,1
clickmeeting.com,google.com,1
domain.com.au,google.com,1
comptia.org,google.com,1
handmadewriting.com,google.com,1
nextdoor.nl,google.com,1
maxon.net,google.com,1
feedspot.com,google.com,1
cgtrader.com,google.com,1
irecommend.ru,google.com,1
onelink.to,google.com,1
alison.com,google.com,1
fansly.com,google.com,1
gfsrv.net,google.com,1
gfsrv.net,gameforge.com,1
hightail.com,google.com,1
builtin.com,google.com,1
wacom.com,google.com,1
glassdoor.co.uk,google.com,1
kamihq.com,google.com,1
remind.com,google.com,1
olx.pt,google.com,1
olx.pt,olx.com,1
callrail.com,google.com,1
allevents.in,google.com,1
kurashiru.com,google.com,1
learnplatform.com,google.com,1
iucnredlist.org,google.com,1
webvisor.com,google.com,1
webvisor.com,yandex.ru,1
affordable-papers.net,google.com,1
techinasia.com,google.com,1
apollo.io,google.com,1
depositfiles.com,google.com,1
postandcourier.com,google.com,1
postandcourier.com,tinypass.com,1
theiet.org,google.com,1
theiet.org,b2clogin.com,1
ratemyprofessors.com,google.com,1
niagahoster.com,google.com,1
niagahoster.com,niagahoster.co.id,1
olx.kz,google.com,1
olx.kz,olx.com,1
deltamath.com,google.com,1
cakeresume.com,google.com,1
musinsa.com,google.com,1
netscape.com,yimg.com,1
yimg.com,aol.com,1
umblr.com,tumblr.com,1
tumblr.com,3lift.com,1
umblr.com,tumblr.com,1
tumblr.com,smaato.net,1
nypost.com,spot.im,1
freetype.org,withgoogle.com,1
tribunnews.com,kompas.com,1
reedsy.com,doubleclick.net,1
reedsy.com,google.co.jp,1
usatoday.com,gannettdigital.com,1
