rlcdn.com,9
criteo.com,6
auth0.com,6
pinterest.com,5
mylo.id,4
snapchat.com,3
piano.io,3
gravatar.com,3
getbeamer.com,3
loginradius.com,3
hubspot.com,3
publicmediasignin.org,2
mparticle.com,2
amplitude.com,2
klaviyo.com,2
firebaseapp.com,2
segment.io,2
profitwell.com,2
bing.com,2
mixpanel.com,2
sjv.io,2
tealiumiq.com,2
permutive.com,2
t.co,1
linkedin.com,1
cxense.com,1
rubiconproject.com,1
3lift.com,1
micstatic.com,1
heapanalytics.com,1
twitter.com,1
feedier.com,1
getvero.com,1
g2crowd.com,1
insurads.com,1
igodigital.com,1
helpscout.net,1
visualstudio.com,1
jixie.io,1
pippio.com,1
liadm.com,1
agkn.com,1
demdex.net,1
trvl-px.com,1
casalemedia.com,1
transifex.net,1
eqcm.net,1
creativecdn.com,1
moengage.com,1
studyiq.com,1
kiwi.com,1
intercom.io,1
expedia.com,1
simonsignal.com,1
t13.io,1
amazon-adsystem.com,1
californiatimes.com,1
kaleido.ai,1
wp.com,1
dowjones.com,1
adroll.com,1
mix.com,1
riotgames.com,1
imgbb.com,1
mypass.de,1
businessinsider.com,1
jimdo.com,1
infinario.com,1
livechat.com,1
nymag.com,1
oreilly.com,1
demirorenmedya.com,1
newscorpaustralia.com,1
jeded.com,1
arcgis.com,1
magic.link,1
clarivate.com,1
orcid.org,1
tinypass.com,1
aid.no,1
itemfix.com,1
huffpost.com,1
vista.com,1
yandex.net,1
yandex.ru,1
yandex.com,1
rebelmouse.com,1
stathead.com,1
socialplus.jp,1
i2i.jp,1
cloudlogin.co,1
reedpop.com,1
onelog.ch,1
gigya.com,1
nettruyenplus.com,1
gcion.com,1
amazoncognito.com,1
envato.com,1
yellowpages.com,1
b2clogin.com,1
