rlcdn.com,19
piano.io,18
tinypass.com,15
auth0.com,13
gravatar.com,13
criteo.com,12
permutive.com,11
visualstudio.com,10
pinterest.com,10
profitwell.com,10
azurewebsites.net,10
intercom.io,9
matheranalytics.com,8
firebaseapp.com,8
amplitude.com,7
segment.io,7
wootric.com,6
snapchat.com,6
mixpanel.com,6
pippio.com,5
tealiumiq.com,5
bing.com,5
twitter.com,4
hubspot.com,4
yahoo.com,4
mparticle.com,4
braze.com,4
voxmedia.com,4
heapanalytics.com,4
t.co,4
amazon-adsystem.com,4
atlassian.com,4
condenast.com,3
getbeamer.com,3
demdex.net,3
3lift.com,3
rubiconproject.com,3
zendesk.com,3
launchdarkly.com,3
agkn.com,3
riotgames.com,3
amazoncognito.com,3
tiktok.com,3
linkedin.com,3
rumahpemilu.id,2
kgnow.com,2
sonora.id,2
sprig.com,2
klaviyo.com,2
tribunjualbeli.com,2
gridstore.id,2
kgmedia.id,2
kitabangkit.id,2
grid.id,2
tribunnewswiki.com,2
bolasport.com,2
motorplus-online.com,2
browser-intake-datadoghq.com,2
publicmediasignin.org,2
yandex.ru,2
mktoresp.com,2
moview.id,2
pasangiklan.com,2
casalemedia.com,2
mg2insights.com,2
infinario.com,2
akstat.io,2
amazonaws.com,2
fullstory.com,2
jixie.io,2
quantserve.com,2
gcion.com,2
bitly.com,2
b2clogin.com,2
igodigital.com,2
envato.com,2
xhamster.com,2
reachplc.com,2
californiatimes.com,2
onelog.ch,2
pixiv.net,2
ottplay.com,1
healthshots.com,1
gravitational.com,1
tumblr.com,1
htsmartcast.com,1
slurrp.com,1
parsely.com,1
selcdn.net,1
advance.net,1
speedcurve.com,1
sinonimosgratis.com,1
gumgum.com,1
htreaders.com,1
freethesaurus.com,1
partnerize.com,1
costargroup.com,1
nbc.com,1
uservoice.com,1
seznam.cz,1
rebrandly.com,1
esm1.net,1
vulture.com,1
stackadapt.com,1
visualwebsiteoptimizer.com,1
lr-ingest.io,1
yahoo.co.jp,1
kompas.tv,1
tribunnews.com,1
curbed.com,1
grubstreet.com,1
airslate.com,1
signnow.com,1
thecut.com,1
lr-wa.com,1
insurads.com,1
cxense.com,1
adobe.com,1
ulogin.ru,1
socialplus.jp,1
qiota.com,1
usatoday.com,1
tcsion.com,1
wp.pl,1
cloudlogin.co,1
render.com,1
i2i.jp,1
fdier.co,1
feedier.com,1
getrockerbox.com,1
taboola.com,1
chegg.com,1
stathead.com,1
janraincapture.com,1
getvero.com,1
helpscout.net,1
nymetro.com,1
leanplum.com,1
trvl-px.com,1
dotomi.com,1
zeotap.com,1
mediarithmics.com,1
mmstat.com,1
owox.com,1
mainetodaymedia.com,1
olark.com,1
scorecardresearch.com,1
livemint.com,1
livehindustan.com,1
teads.tv,1
beusable.net,1
sendx.io,1
atatus.com,1
transifex.net,1
osano.com,1
fdcm73.net,1
creativecdn.com,1
pub.network,1
zopim.com,1
pubmatic.com,1
adn.cloud,1
smarterhq.io,1
canny.io,1
evergage.com,1
statsigapi.net,1
skypicker.com,1
sentry.io,1
adrizer.com,1
polyfill.io,1
simonsignal.com,1
expedia.com,1
pxf.io,1
segment.com,1
quantcast.com,1
consensu.org,1
zoom.us,1
lightboxcdn.com,1
hwcdn.net,1
wp.com,1
stackauth.com,1
appcues.com,1
quantcount.com,1
headwayapp.co,1
bunny.net,1
springernature.com,1
alibabacloud.com,1
huffpost.com,1
rpxnow.com,1
dowjones.com,1
kaleido.ai,1
w3spaces.com,1
eqcm.net,1
slgnt.eu,1
sjv.io,1
moengage.com,1
site24x7rum.in,1
hsforms.com,1
kiwi.com,1
featuregates.org,1
doist.com,1
usrsprt.com,1
bringmethehats.com,1
newscorpaustralia.com,1
theguardian.com,1
scienceconnect.io,1
mix.com,1
xhamster20.desi,1
aid.no,1
k5a.io,1
oup.com,1
aol.com,1
imgbb.com,1
sailthru.com,1
privy.com,1
cloudfront.net,1
mylo.id,1
kinja.com,1
businessinsider.com,1
37signals.com,1
ocko.tv,1
expres.cz,1
livechat.com,1
lidovky.cz,1
getpostman.com,1
burda-forward.de,1
brevo.com,1
uber.com,1
trimble.com,1
nbcuni.com,1
customer.io,1
netcoresmartech.com,1
meliopayments.com,1
getharvest.com,1
gnome.org,1
chatdate.app,1
demirorenmedya.com,1
wellfound.com,1
gaijin.net,1
ami-admin.com,1
intercom.com,1
thetimes.co.uk,1
tnet.nl,1
jeded.com,1
ok.ru,1
clarivate.com,1
zauth.net,1
algolia.com,1
monotype.com,1
blink.net,1
loginradius.com,1
kbb-autotrader.com,1
vista.com,1
trainline.com,1
worldstarhiphop.com,1
xoauth.top,1
seattletimes.com,1
litmus.com,1
gameforge.com,1
smaato.net,1
spot.im,1
withgoogle.com,1
kompas.com,1
gannettdigital.com,1
